"DESCRIPTION","DURATION IN MS","NAME","PARENT SUITE","START TIME","STATUS","STOP TIME","SUB SUITE","SUITE","TEST CLASS","TEST METHOD"
"","1244","searchByCriteriaReturnsResults","Jobich QA Automation Suite","2026-10-06","passed","2026-10-06","ch.jobich.automation.SearchWithCriteriaTest","All","ch.jobich.automation.SearchWithCriteriaTest","searchByCriteriaReturnsResults"
"","2273","completingWizardShowsMatchingJobs","Jobich QA Automation Suite","2026-10-06","passed","2026-10-06","ch.jobich.automation.WizardFlowTest","All","ch.jobich.automation.WizardFlowTest","completingWizardShowsMatchingJobs"
"  As a visitor
  I want the footer links to be visible
  So that I can reach legal info, contacts and social channels","681","Footer link is visible","","2026-10-06","passed","2026-10-06","","Footer links on the home page","Footer link is visible",""
"","929","completingWizardReachesResultsScreen","Jobich QA Automation Suite","2026-10-06","passed","2026-10-06","ch.jobich.automation.WizardFlowTest","All","ch.jobich.automation.WizardFlowTest","completingWizardReachesResultsScreen"
"  As a visitor
  I want the footer links to be visible
  So that I can reach legal info, contacts and social channels","697","Footer link is visible","","2026-10-06","passed","2026-10-06","","Footer links on the home page","Footer link is visible",""
"  As a visitor
  I want the footer links to be visible
  So that I can reach legal info, contacts and social channels","791","Footer link is visible","","2026-10-06","passed","2026-10-06","","Footer links on the home page","Footer link is visible",""
"","757","homePageTitleContainsJobich","Jobich QA Automation Suite","2026-10-06","passed","2026-10-06","ch.jobich.automation.FirstBrowserTest","All","ch.jobich.automation.FirstBrowserTest","homePageTitleContainsJobich"
"  As a visitor
  I want the footer links to be visible
  So that I can reach legal info, contacts and social channels","1228","Footer link is visible","","2026-10-06","passed","2026-10-06","","Footer links on the home page","Footer link is visible",""
"  As a visitor
  I want the footer links to be visible
  So that I can reach legal info, contacts and social channels","563","Footer link is visible","","2026-10-06","passed","2026-10-06","","Footer links on the home page","Footer link is visible",""
"","397","searchByTeacherReturnsResults","Jobich QA Automation Suite","2026-10-06","passed","2026-10-06","ch.jobich.automation.JobsApiTest","All","ch.jobich.automation.JobsApiTest","searchByTeacherReturnsResults"
"  As a visitor
  I want the footer links to be visible
  So that I can reach legal info, contacts and social channels","536","Footer link is visible","","2026-10-06","passed","2026-10-06","","Footer links on the home page","Footer link is visible",""
